{
  "name": "基础法术书",
  "icon": "irons_spellbooks:iron_spell_book",
  "category": "irons_spellbooks:root",
  "sortnum": 1,
  "read_by_default" : true,
  "pages": [
    {
      "type": "patchouli:text",
      "title": "可制作的法术书",
      "text": "法术书需要使用一些基础材料与奥术材料制作。更高级的法术书可以铭刻更多更高品质的法术卷轴。"
    },
    {
      "type": "patchouli:crafting",
      "recipe": "irons_spellbooks:copper_spell_book",
      "recipe2": "irons_spellbooks:iron_spell_book"
    },
    {
      "type": "patchouli:crafting",
      "recipe": "irons_spellbooks:gold_spell_book",
      "recipe2": "irons_spellbooks:diamond_spell_book"
    },
    {
      "type": "patchouli:crafting",
      "recipe": "irons_spellbooks:netherite_spell_book",
      "recipe2": "irons_spellbooks:dragonskin_spell_book"
    }
  ]
}