{
  "name": "失落法术书",
  "icon": "irons_spellbooks:evoker_spell_book",
  "category": "irons_spellbooks:root",
  "sortnum": 2,
  "read_by_default" : true,
  "pages": [
    {
      "type": "patchouli:text",
      "title": "无法制作的法术书",
      "text": "有些法术书或法杖的制造工艺已经失传了，但这些法术书与更多失传的装备仍散落在世界各地等待之你去发现他们。"
    },
    {
      "type": "patchouli:text",
      "title": "独特的法术书",
      "text": "每一本独特的法术书都有它们的主人，其中记载了许多无法被删改的独特法术。想要获得他们，你需要挑战并击败这些强大的法师。"
    },
    {
      "type": "patchouli:spotlight",
      "item": "irons_spellbooks:evoker_spell_book",
      "text": "唤魔者与高位唤魔者持有的魔典。"
    },
    {
      "type": "patchouli:spotlight",
      "item": "irons_spellbooks:blood_staff",
      "text": "不死之王的古老权杖。"
    },
    {
      "type": "patchouli:text",
      "title": "定名法术书",
      "text": "定名法术书作为宝藏散落在世界各地，它们是给予探索者的奖赏。"
    },
    {
      "type": "patchouli:spotlight",
      "item": "irons_spellbooks:rotten_spell_book",
      "text": "一本曾经强大的法术书，尽管已经腐朽，但依然比大多数法术书要强大。"
    },
    {
      "type": "patchouli:spotlight",
      "item": "irons_spellbooks:villager_spell_book",
      "text": "一本受到了祝福的法术书，是神圣魔法的优秀载体。它是村民送给在可怕灾难中守护村庄的勇者的最好谢礼。"
    },
    {
      "type": "patchouli:spotlight",
      "item": "irons_spellbooks:blaze_spell_book",
      "text": "每只烈焰人都可能掉落。不过要小心，趁书烧成灰之前捡起来。"
    },
    {
      "type": "patchouli:crafting",
      "recipe": "irons_spellbooks:druidic_spell_book",
      "text": "破旧法术书中仍然蕴藏着一股强大的魔力。只要处置方法得当，这本法术书会重获祝福。"
    }
  ]
}