{
  "name": "Инструменты для каста заклинаний",
  "icon": "irons_spellbooks:graybeard_staff",
  "category": "irons_spellbooks:root",
  "sortnum": 3,
  "read_by_default" : true,
  "pages": [
    {
      "type": "patchouli:text",
      "title": "Инструменты для каста заклинаний",
      "text": "Инструменты для каста заклинаний — это предметы, по которым можно щелкнуть правой кнопкой мыши (использовать), чтобы применить активное заклинание. Чаще всего они также предоставляют пассивные преимущества, позволяющие использовать особый стиль игры волшебника."
    },
    {
      "type": "patchouli:crafting",
      "recipe": "irons_spellbooks:graybeard_staff",
      "text": "Простая палка — это все, что нужно, чтобы заставить хрустальный шар катиться."
    },
    {
      "type": "patchouli:crafting",
      "recipe": "irons_spellbooks:artificer_cane",
      "text": "Иногда дополнительного стиля — это все, что нужно, чтобы вывести кастинг на новый уровень."
    },
    {
      "type": "patchouli:crafting",
      "recipe": "irons_spellbooks:ice_staff",
      "text": "Ходят слухи, что кусочки мистического матового посоха лежат в окружающем мире. Криомант, возможно, спрятал в своей башне исследование, раскрывающее больше."
    },
    {
      "type": "patchouli:spotlight",
      "item": "irons_spellbooks:blood_staff",
      "text": "Древний скипетр с непревзойденными способностями призыва. Его можно получить, только отобрав у его владельца-нежити."
    }
  ]
}