{
  "name": "Уникальные книги заклинаний",
  "icon": "irons_spellbooks:evoker_spell_book",
  "category": "irons_spellbooks:root",
  "sortnum": 2,
  "read_by_default" : true,
  "pages": [
    {
      "type": "patchouli:text",
      "title": "Уникальные книги заклинаний",
      "text": "Уникальные книги заклинаний — это редкие предметы, выпадающие из определенных мобов, в которых записаны заклинания, которые нельзя удалить или отредактировать. Не каждую книгу заклинаний можно изготовить — в конце концов, это называется тайным искусством."
    },
    {
      "type": "patchouli:spotlight",
      "title": "Уникальные улучшения",
      "item": "irons_spellbooks:arcane_anvil",
      "text": "Заклинания в уникальной книге заклинаний заблокированы, но их можно улучшить. Объединив уникальную книгу заклинаний в Чародейской наковальне со свитком того же заклинания более высокого уровня из книги заклинаний, вы можете повысить уровень заблокированного заклинания."
    },
    {
      "type": "patchouli:spotlight",
      "item": "irons_spellbooks:evoker_spell_book",
      "text": "Книга, полная основ магии злодеев, Гримуар Вызова, может быть выброшена Вызывателями или их более могущественными двоюродными братьями, Архевокерами."
    },
    {
      "type": "patchouli:spotlight",
      "item": "irons_spellbooks:necronomicon_spell_book",
      "text": "Древняя книга, содержащая множество темных заклинаний, ее можно получить, только отобрав у ее владельца-нежити."
    }

  ]
}