{
  "name": "Середина игры",
  "icon": "irons_spellbooks:scroll_forge",
  "category": "irons_spellbooks:root",
  "sortnum": -2,
  "read_by_default" : true,
  "pages": [
    {
      "type": "patchouli:text",
      "title": "Свиток Кузницы",
      "text": "Достигнув ресурсов нижнего уровня, вы откроете совершенно новую динамику получения силы: Кузница свитков$(br2)Кузница свитков используется для изготовления свитков с использованием чернил, бумаги и фокуса. Чернила определяют редкость (и, следовательно, уровень), а фокус определяет школу заклинания."
    },
    {
      "type": "patchouli:crafting",
      "recipe": "irons_spellbooks:scroll_forge"
    },
    {
      "type": "patchouli:crafting",
      "title": "Новые книги заклинаний",
      "text": "Кроме того, промежуточные книги заклинаний могут быть созданы с использованием ресурсов Пустоты.",
      "recipe": "irons_spellbooks:gold_spell_book"
    },
    {
      "type": "patchouli:crafting",
      "recipe": "irons_spellbooks:diamond_spell_book",
      "text": "Хогскин выпадает из Хоглинса"
    },
    {
      "type": "patchouli:crafting",
      "recipe": "irons_spellbooks:magic_cloth",
      "title": "Новые материалы",
      "text": "Вам также следует начать создавать более прочную броню, используя тайную ткань. Чтобы получить большое количество тайной эссенции, вам нужно сосредоточиться на рейдах на магические сооружения."
    },
    {
      "type": "patchouli:entity",
      "name": "Доспехи пугала",
      "entity": "minecraft:armor_stand{ArmorItems:[{id:'irons_spellbooks:pumpkin_boots',Count:1b},{id:'irons_spellbooks:pumpkin_leggings',Count:1b},{id:'irons_spellbooks:pumpkin_chestplate',Count:1b},{id:'irons_spellbooks:pumpkin_helmet',Count:1b}],NoBasePlate:1b}"
    },
    {
      "type": "patchouli:spotlight",
      "item": "irons_spellbooks:blank_rune",
      "title": "Редкие материалы",
      "text": "Чтобы продолжить прогресс, следите за рунными камнями в магических сооружениях. Рунные камни используются для создания еще более мощной брони. Из классовых магов всегда выпадает руна своей школы."
    },
    {
      "type": "patchouli:empty",
      "draw_filler": false
    }
  ]
}